{
  "editMode": true,
  "hardcore": false,
  "defLives": 3,
  "maxLives": 10,
  "questDatabase": [
    {
      "questID": 0,
      "name": "LV motor x1",
      "description": "No Description",
      "isMain": false,
      "isSilent": false,
      "lockedProgress": false,
      "simultaneous": false,
      "globalParticipation": 0.0,
      "globalQuest": false,
      "globalShare": true,
      "autoClaim": false,
      "repeatTime": 0,
      "sounds": {
        "complete": "random.levelup",
        "update": "random.levelup"
      },
      "logic": "AND",
      "taskLogic": "AND",
      "icon": {
        "id": "gregtech:gt.metaitem.01",
        "Count": 1,
        "OreDict": "",
        "Damage": 32600
      },
      "tasks": [
        {
          "partialMatch": true,
          "ignoreNBT": false,
          "consume": true,
          "autoConsume": false,
          "requiredItems": [
            {
              "id": "gregtech:gt.metaitem.01",
              "Count": 5,
              "OreDict": "",
              "Damage": 32001
            }
          ],
          "userProgress": [],
          "taskID": "bq_standard:retrieval"
        }
      ],
      "rewards": [
        {
          "rewards": [
            {
              "id": "gregtech:gt.metaitem.01",
              "Count": 1,
              "OreDict": "",
              "Damage": 32600
            }
          ],
          "rewardID": "bq_standard:item"
        }
      ],
      "preRequisites": []
    },
    {
      "questID": 1,
      "name": "LV Motor x8",
      "description": "No Description",
      "isMain": false,
      "isSilent": false,
      "lockedProgress": false,
      "simultaneous": false,
      "globalParticipation": 0.0,
      "globalQuest": false,
      "globalShare": true,
      "autoClaim": false,
      "repeatTime": 0,
      "sounds": {
        "complete": "random.levelup",
        "update": "random.levelup"
      },
      "logic": "AND",
      "taskLogic": "AND",
      "icon": {
        "id": "gregtech:gt.metaitem.01",
        "Count": 8,
        "OreDict": "",
        "Damage": 32600
      },
      "tasks": [
        {
          "partialMatch": true,
          "ignoreNBT": false,
          "consume": true,
          "autoConsume": false,
          "requiredItems": [
            {
              "id": "gregtech:gt.metaitem.01",
              "Count": 5,
              "OreDict": "",
              "Damage": 32002
            }
          ],
          "userProgress": [],
          "taskID": "bq_standard:retrieval"
        }
      ],
      "rewards": [
        {
          "rewards": [
            {
              "id": "gregtech:gt.metaitem.01",
              "Count": 8,
              "OreDict": "",
              "Damage": 32600
            }
          ],
          "rewardID": "bq_standard:item"
        }
      ],
      "preRequisites": []
    },
    {
      "questID": 2,
      "name": "LV Motor x64",
      "description": "No Description",
      "isMain": false,
      "isSilent": false,
      "lockedProgress": false,
      "simultaneous": false,
      "globalParticipation": 0.0,
      "globalQuest": false,
      "globalShare": true,
      "autoClaim": false,
      "repeatTime": 0,
      "sounds": {
        "complete": "random.levelup",
        "update": "random.levelup"
      },
      "logic": "AND",
      "taskLogic": "AND",
      "icon": {
        "id": "gregtech:gt.metaitem.01",
        "Count": 12,
        "OreDict": "",
        "Damage": 32600
      },
      "tasks": [
        {
          "partialMatch": true,
          "ignoreNBT": false,
          "consume": true,
          "autoConsume": false,
          "requiredItems": [
            {
              "id": "gregtech:gt.metaitem.01",
              "Count": 5,
              "OreDict": "",
              "Damage": 32003
            }
          ],
          "userProgress": [],
          "taskID": "bq_standard:retrieval"
        }
      ],
      "rewards": [
        {
          "rewards": [
            {
              "id": "gregtech:gt.metaitem.01",
              "Count": 64,
              "OreDict": "",
              "Damage": 32600
            }
          ],
          "rewardID": "bq_standard:item"
        }
      ],
      "preRequisites": []
    },
    {
      "questID": 3,
      "name": "Basic circuit x1",
      "description": "No Description",
      "isMain": false,
      "isSilent": false,
      "lockedProgress": false,
      "simultaneous": false,
      "globalParticipation": 0.0,
      "globalQuest": false,
      "globalShare": true,
      "autoClaim": false,
      "repeatTime": 0,
      "sounds": {
        "complete": "random.levelup",
        "update": "random.levelup"
      },
      "logic": "AND",
      "taskLogic": "AND",
      "icon": {
        "id": "IC2:itemPartCircuit",
        "Count": 1,
        "OreDict": "",
        "Damage": 0
      },
      "tasks": [
        {
          "partialMatch": true,
          "ignoreNBT": false,
          "consume": true,
          "autoConsume": false,
          "requiredItems": [
            {
              "id": "gregtech:gt.metaitem.01",
              "Count": 10,
              "OreDict": "",
              "Damage": 32001
            }
          ],
          "userProgress": [],
          "taskID": "bq_standard:retrieval"
        }
      ],
      "rewards": [
        {
          "rewards": [
            {
              "id": "IC2:itemPartCircuit",
              "Count": 1,
              "OreDict": "",
              "Damage": 0
            }
          ],
          "rewardID": "bq_standard:item"
        }
      ],
      "preRequisites": []
    },
    {
      "questID": 4,
      "name": "Nand chip x1",
      "description": "No Description",
      "isMain": false,
      "isSilent": false,
      "lockedProgress": false,
      "simultaneous": false,
      "globalParticipation": 0.0,
      "globalQuest": false,
      "globalShare": true,
      "autoClaim": false,
      "repeatTime": 0,
      "sounds": {
        "complete": "random.levelup",
        "update": "random.levelup"
      },
      "logic": "AND",
      "taskLogic": "AND",
      "icon": {
        "id": "gregtech:gt.metaitem.01",
        "Count": 1,
        "OreDict": "",
        "Damage": 32700
      },
      "tasks": [
        {
          "partialMatch": true,
          "ignoreNBT": false,
          "consume": true,
          "autoConsume": false,
          "requiredItems": [
            {
              "id": "gregtech:gt.metaitem.01",
              "Count": 4,
              "OreDict": "",
              "Damage": 32001
            }
          ],
          "userProgress": [],
          "taskID": "bq_standard:retrieval"
        }
      ],
      "rewards": [
        {
          "rewards": [
            {
              "id": "gregtech:gt.metaitem.01",
              "Count": 2,
              "OreDict": "",
              "Damage": 32700
            }
          ],
          "rewardID": "bq_standard:item"
        }
      ],
      "preRequisites": []
    },
    {
      "questID": 5,
      "name": "Good Circuit x1",
      "description": "No Description",
      "isMain": false,
      "isSilent": false,
      "lockedProgress": false,
      "simultaneous": false,
      "globalParticipation": 0.0,
      "globalQuest": false,
      "globalShare": true,
      "autoClaim": false,
      "repeatTime": 0,
      "sounds": {
        "complete": "random.levelup",
        "update": "random.levelup"
      },
      "logic": "AND",
      "taskLogic": "AND",
      "icon": {
        "id": "gregtech:gt.metaitem.01",
        "Count": 1,
        "OreDict": "",
        "Damage": 32702
      },
      "tasks": [
        {
          "partialMatch": true,
          "ignoreNBT": false,
          "consume": true,
          "autoConsume": false,
          "requiredItems": [
            {
              "id": "gregtech:gt.metaitem.01",
              "Count": 15,
              "OreDict": "",
              "Damage": 32001
            }
          ],
          "userProgress": [],
          "taskID": "bq_standard:retrieval"
        }
      ],
      "rewards": [
        {
          "rewards": [
            {
              "id": "gregtech:gt.metaitem.01",
              "Count": 1,
              "OreDict": "",
              "Damage": 32702
            }
          ],
          "rewardID": "bq_standard:item"
        }
      ],
      "preRequisites": []
    },
    {
      "questID": 6,
      "name": "Get flint",
      "description": "No Description",
      "isMain": false,
      "isSilent": false,
      "lockedProgress": false,
      "simultaneous": false,
      "globalParticipation": 0.0,
      "globalQuest": false,
      "globalShare": true,
      "autoClaim": false,
      "repeatTime": -1,
      "sounds": {
        "complete": "random.levelup",
        "update": "random.levelup"
      },
      "logic": "AND",
      "taskLogic": "AND",
      "icon": {
        "id": "minecraft:flint",
        "Count": 1,
        "OreDict": "",
        "Damage": 0
      },
      "tasks": [
        {
          "partialMatch": true,
          "ignoreNBT": false,
          "consume": true,
          "autoConsume": false,
          "requiredItems": [
            {
              "id": "minecraft:flint",
              "Count": 1,
              "OreDict": "",
              "Damage": 0
            }
          ],
          "userProgress": [],
          "taskID": "bq_standard:retrieval"
        }
      ],
      "rewards": [],
      "preRequisites": []
    },
    {
      "questID": 7,
      "name": "First pickaxe",
      "description": "No Description",
      "isMain": false,
      "isSilent": false,
      "lockedProgress": false,
      "simultaneous": false,
      "globalParticipation": 0.0,
      "globalQuest": false,
      "globalShare": true,
      "autoClaim": false,
      "repeatTime": -1,
      "sounds": {
        "complete": "random.levelup",
        "update": "random.levelup"
      },
      "logic": "AND",
      "taskLogic": "AND",
      "icon": {
        "id": "gregtech:gt.metatool.01",
        "Count": 1,
        "OreDict": "",
        "Damage": 2,
        "tag": {
          "GT.ToolStats": {
            "PrimaryMaterial": "Flint",
            "MaxDamage": 6400,
            "SecondaryMaterial": "Wood"
          }
        }
      },
      "tasks": [
        {
          "partialMatch": true,
          "ignoreNBT": false,
          "consume": false,
          "autoConsume": false,
          "requiredItems": [
            {
              "id": "minecraft:stick",
              "Count": 2,
              "OreDict": "",
              "Damage": 0
            },
            {
              "id": "minecraft:flint",
              "Count": 3,
              "OreDict": "",
              "Damage": 0
            }
          ],
          "userProgress": [],
          "taskID": "bq_standard:retrieval"
        },
        {
          "partialMatch": true,
          "ignoreNBT": false,
          "requiredItems": [
            {
              "id": "gregtech:gt.metatool.01",
              "Count": 1,
              "OreDict": "",
              "Damage": 2,
              "tag": {
                "GT.ToolStats": {
                  "PrimaryMaterial": "Flint",
                  "MaxDamage": 6400,
                  "SecondaryMaterial": "Wood"
                }
              }
            }
          ],
          "userProgress": [],
          "taskID": "bq_standard:crafting"
        }
      ],
      "rewards": [],
      "preRequisites": [
        6,
        19
      ]
    },
    {
      "questID": 8,
      "name": "Make Furnace",
      "description": "No Description",
      "isMain": false,
      "isSilent": false,
      "lockedProgress": false,
      "simultaneous": false,
      "globalParticipation": 0.0,
      "globalQuest": false,
      "globalShare": true,
      "autoClaim": false,
      "repeatTime": -1,
      "sounds": {
        "complete": "random.levelup",
        "update": "random.levelup"
      },
      "logic": "AND",
      "taskLogic": "AND",
      "icon": {
        "id": "minecraft:furnace",
        "Count": 1,
        "OreDict": "",
        "Damage": 0
      },
      "tasks": [
        {
          "partialMatch": true,
          "ignoreNBT": false,
          "consume": false,
          "autoConsume": false,
          "requiredItems": [
            {
              "id": "minecraft:cobblestone",
              "Count": 8,
              "OreDict": "",
              "Damage": 0
            }
          ],
          "userProgress": [],
          "taskID": "bq_standard:retrieval"
        },
        {
          "partialMatch": true,
          "ignoreNBT": false,
          "requiredItems": [
            {
              "id": "minecraft:furnace",
              "Count": 1,
              "OreDict": "",
              "Damage": 0
            }
          ],
          "userProgress": [],
          "taskID": "bq_standard:crafting"
        }
      ],
      "rewards": [],
      "preRequisites": []
    },
    {
      "questID": 9,
      "name": "Mortar",
      "description": "No Description",
      "isMain": false,
      "isSilent": false,
      "lockedProgress": false,
      "simultaneous": false,
      "globalParticipation": 0.0,
      "globalQuest": false,
      "globalShare": true,
      "autoClaim": false,
      "repeatTime": -1,
      "sounds": {
        "complete": "random.levelup",
        "update": "random.levelup"
      },
      "logic": "AND",
      "taskLogic": "AND",
      "icon": {
        "id": "gregtech:gt.metatool.01",
        "Count": 1,
        "OreDict": "",
        "Damage": 24,
        "tag": {
          "GT.ToolStats": {
            "PrimaryMaterial": "Flint",
            "MaxDamage": 6400,
            "SecondaryMaterial": "Stone"
          }
        }
      },
      "tasks": [
        {
          "partialMatch": true,
          "ignoreNBT": false,
          "consume": false,
          "autoConsume": false,
          "requiredItems": [
            {
              "id": "minecraft:stone",
              "Count": 5,
              "OreDict": "",
              "Damage": 0
            },
            {
              "id": "minecraft:flint",
              "Count": 2,
              "OreDict": "",
              "Damage": 0
            }
          ],
          "userProgress": [],
          "taskID": "bq_standard:retrieval"
        },
        {
          "partialMatch": true,
          "ignoreNBT": false,
          "requiredItems": [
            {
              "id": "gregtech:gt.metatool.01",
              "Count": 1,
              "OreDict": "",
              "Damage": 24,
              "tag": {
                "GT.ToolStats": {
                  "PrimaryMaterial": "Flint",
                  "MaxDamage": 6400,
                  "SecondaryMaterial": "Stone"
                }
              }
            }
          ],
          "userProgress": [],
          "taskID": "bq_standard:crafting"
        }
      ],
      "rewards": [],
      "preRequisites": [
        8,
        6,
        19
      ]
    },
    {
      "questID": 10,
      "name": "First Bronze",
      "description": "No Description",
      "isMain": false,
      "isSilent": false,
      "lockedProgress": false,
      "simultaneous": false,
      "globalParticipation": 0.0,
      "globalQuest": false,
      "globalShare": true,
      "autoClaim": false,
      "repeatTime": -1,
      "sounds": {
        "complete": "random.levelup",
        "update": "random.levelup"
      },
      "logic": "AND",
      "taskLogic": "AND",
      "icon": {
        "id": "gregtech:gt.metaitem.01",
        "Count": 1,
        "OreDict": "",
        "Damage": 11300
      },
      "tasks": [
        {
          "partialMatch": true,
          "ignoreNBT": false,
          "consume": false,
          "autoConsume": false,
          "requiredItems": [
            {
              "id": "gregtech:gt.metaitem.01",
              "Count": 1,
              "OreDict": "ingotTin",
              "Damage": 11057
            },
            {
              "id": "gregtech:gt.metaitem.01",
              "Count": 3,
              "OreDict": "ingotCopper",
              "Damage": 11035
            }
          ],
          "userProgress": [],
          "taskID": "bq_standard:retrieval"
        },
        {
          "partialMatch": true,
          "ignoreNBT": false,
          "requiredItems": [
            {
              "id": "gregtech:gt.metaitem.01",
              "Count": 1,
              "OreDict": "dustTin",
              "Damage": 2057
            },
            {
              "id": "gregtech:gt.metaitem.01",
              "Count": 3,
              "OreDict": "dustCopper",
              "Damage": 2035
            }
          ],
          "userProgress": [],
          "taskID": "bq_standard:crafting"
        },
        {
          "partialMatch": true,
          "ignoreNBT": false,
          "requiredItems": [
            {
              "id": "gregtech:gt.metaitem.01",
              "Count": 3,
              "OreDict": "dustBronze",
              "Damage": 2300
            }
          ],
          "userProgress": [],
          "taskID": "bq_standard:crafting"
        },
        {
          "partialMatch": true,
          "ignoreNBT": false,
          "consume": false,
          "autoConsume": false,
          "requiredItems": [
            {
              "id": "gregtech:gt.metaitem.01",
              "Count": 3,
              "OreDict": "ingotBronze",
              "Damage": 11300
            }
          ],
          "userProgress": [],
          "taskID": "bq_standard:retrieval"
        }
      ],
      "rewards": [],
      "preRequisites": [
        21,
        20
      ]
    },
    {
      "questID": 11,
      "name": "Bronze Hammer",
      "description": "No Description",
      "isMain": false,
      "isSilent": false,
      "lockedProgress": false,
      "simultaneous": false,
      "globalParticipation": 0.0,
      "globalQuest": false,
      "globalShare": true,
      "autoClaim": false,
      "repeatTime": -1,
      "sounds": {
        "complete": "random.levelup",
        "update": "random.levelup"
      },
      "logic": "AND",
      "taskLogic": "AND",
      "icon": {
        "id": "gregtech:gt.metatool.01",
        "Count": 1,
        "OreDict": "",
        "Damage": 12,
        "tag": {
          "ench": [
            {
              "lvl": 1,
              "id": 16
            }
          ],
          "GT.ToolStats": {
            "PrimaryMaterial": "Bronze",
            "MaxDamage": 19200,
            "SecondaryMaterial": "Wood"
          }
        }
      },
      "tasks": [
        {
          "partialMatch": true,
          "ignoreNBT": false,
          "consume": false,
          "autoConsume": false,
          "requiredItems": [
            {
              "id": "minecraft:stick",
              "Count": 1,
              "OreDict": "",
              "Damage": 0
            },
            {
              "id": "gregtech:gt.metaitem.01",
              "Count": 6,
              "OreDict": "ingotBronze",
              "Damage": 11300
            }
          ],
          "userProgress": [],
          "taskID": "bq_standard:retrieval"
        },
        {
          "partialMatch": true,
          "ignoreNBT": false,
          "requiredItems": [
            {
              "id": "gregtech:gt.metatool.01",
              "Count": 1,
              "OreDict": "",
              "Damage": 12,
              "tag": {
                "ench": [
                  {
                    "lvl": 1,
                    "id": 16
                  }
                ],
                "GT.ToolStats": {
                  "PrimaryMaterial": "Bronze",
                  "MaxDamage": 19200,
                  "SecondaryMaterial": "Wood"
                }
              }
            }
          ],
          "userProgress": [],
          "taskID": "bq_standard:crafting"
        }
      ],
      "rewards": [],
      "preRequisites": []
    },
    {
      "questID": 12,
      "name": "Small Copper",
      "description": "No Description",
      "isMain": false,
      "isSilent": false,
      "lockedProgress": false,
      "simultaneous": false,
      "globalParticipation": 0.0,
      "globalQuest": false,
      "globalShare": true,
      "autoClaim": false,
      "repeatTime": -1,
      "sounds": {
        "complete": "random.levelup",
        "update": "random.levelup"
      },
      "logic": "AND",
      "taskLogic": "AND",
      "icon": {
        "id": "gregtech:gt.metaitem.01",
        "Count": 1,
        "OreDict": "",
        "Damage": 5035
      },
      "tasks": [
        {
          "partialMatch": true,
          "ignoreNBT": false,
          "consume": false,
          "autoConsume": false,
          "requiredItems": [
            {
              "id": "gregtech:gt.metaitem.01",
              "Count": 1,
              "OreDict": "",
              "Damage": 3035
            },
            {
              "id": "gregtech:gt.metaitem.01",
              "Count": 1,
              "OreDict": "",
              "Damage": 5035
            }
          ],
          "userProgress": [],
          "taskID": "bq_standard:retrieval"
        }
      ],
      "rewards": [],
      "preRequisites": [
        7
      ]
    },
    {
      "questID": 13,
      "name": "First Axe",
      "description": "No Description",
      "isMain": false,
      "isSilent": false,
      "lockedProgress": false,
      "simultaneous": false,
      "globalParticipation": 0.0,
      "globalQuest": false,
      "globalShare": true,
      "autoClaim": false,
      "repeatTime": -1,
      "sounds": {
        "complete": "random.levelup",
        "update": "random.levelup"
      },
      "logic": "AND",
      "taskLogic": "AND",
      "icon": {
        "id": "gregtech:gt.metatool.01",
        "Count": 1,
        "OreDict": "",
        "Damage": 6,
        "tag": {
          "ench": [
            {
              "lvl": 1,
              "id": 20
            }
          ],
          "GT.ToolStats": {
            "PrimaryMaterial": "Flint",
            "MaxDamage": 6400,
            "SecondaryMaterial": "Wood"
          }
        }
      },
      "tasks": [
        {
          "partialMatch": true,
          "ignoreNBT": false,
          "consume": false,
          "autoConsume": false,
          "requiredItems": [
            {
              "id": "minecraft:flint",
              "Count": 3,
              "OreDict": "",
              "Damage": 0
            },
            {
              "id": "minecraft:stick",
              "Count": 2,
              "OreDict": "",
              "Damage": 0
            }
          ],
          "userProgress": [],
          "taskID": "bq_standard:retrieval"
        },
        {
          "partialMatch": true,
          "ignoreNBT": false,
          "requiredItems": [
            {
              "id": "gregtech:gt.metatool.01",
              "Count": 1,
              "OreDict": "",
              "Damage": 6,
              "tag": {
                "ench": [
                  {
                    "lvl": 1,
                    "id": 20
                  }
                ],
                "GT.ToolStats": {
                  "PrimaryMaterial": "Flint",
                  "MaxDamage": 6400,
                  "SecondaryMaterial": "Wood"
                }
              }
            }
          ],
          "userProgress": [],
          "taskID": "bq_standard:crafting"
        }
      ],
      "rewards": [],
      "preRequisites": [
        6,
        19
      ]
    },
    {
      "questID": 14,
      "name": "First Shovel",
      "description": "No Description",
      "isMain": false,
      "isSilent": false,
      "lockedProgress": false,
      "simultaneous": false,
      "globalParticipation": 0.0,
      "globalQuest": false,
      "globalShare": true,
      "autoClaim": false,
      "repeatTime": -1,
      "sounds": {
        "complete": "random.levelup",
        "update": "random.levelup"
      },
      "logic": "AND",
      "taskLogic": "AND",
      "icon": {
        "id": "gregtech:gt.metatool.01",
        "Count": 1,
        "OreDict": "",
        "Damage": 4,
        "tag": {
          "GT.ToolStats": {
            "PrimaryMaterial": "Flint",
            "MaxDamage": 6400,
            "SecondaryMaterial": "Wood"
          }
        }
      },
      "tasks": [
        {
          "partialMatch": true,
          "ignoreNBT": false,
          "consume": false,
          "autoConsume": false,
          "requiredItems": [
            {
              "id": "minecraft:flint",
              "Count": 1,
              "OreDict": "",
              "Damage": 0
            },
            {
              "id": "minecraft:stick",
              "Count": 2,
              "OreDict": "",
              "Damage": 0
            }
          ],
          "userProgress": [],
          "taskID": "bq_standard:retrieval"
        },
        {
          "partialMatch": true,
          "ignoreNBT": false,
          "requiredItems": [
            {
              "id": "gregtech:gt.metatool.01",
              "Count": 1,
              "OreDict": "",
              "Damage": 4,
              "tag": {
                "GT.ToolStats": {
                  "PrimaryMaterial": "Flint",
                  "MaxDamage": 6400,
                  "SecondaryMaterial": "Wood"
                }
              }
            }
          ],
          "userProgress": [],
          "taskID": "bq_standard:crafting"
        }
      ],
      "rewards": [],
      "preRequisites": [
        6,
        19
      ]
    },
    {
      "questID": 15,
      "name": "First Hoe",
      "description": "No Description",
      "isMain": false,
      "isSilent": false,
      "lockedProgress": false,
      "simultaneous": false,
      "globalParticipation": 0.0,
      "globalQuest": false,
      "globalShare": true,
      "autoClaim": false,
      "repeatTime": -1,
      "sounds": {
        "complete": "random.levelup",
        "update": "random.levelup"
      },
      "logic": "AND",
      "taskLogic": "AND",
      "icon": {
        "id": "gregtech:gt.metatool.01",
        "Count": 1,
        "OreDict": "",
        "Damage": 8,
        "tag": {
          "GT.ToolStats": {
            "PrimaryMaterial": "Flint",
            "MaxDamage": 6400,
            "SecondaryMaterial": "Wood"
          }
        }
      },
      "tasks": [
        {
          "partialMatch": true,
          "ignoreNBT": false,
          "consume": false,
          "autoConsume": false,
          "requiredItems": [
            {
              "id": "minecraft:flint",
              "Count": 2,
              "OreDict": "",
              "Damage": 0
            },
            {
              "id": "minecraft:stick",
              "Count": 2,
              "OreDict": "",
              "Damage": 0
            }
          ],
          "userProgress": [],
          "taskID": "bq_standard:retrieval"
        },
        {
          "partialMatch": true,
          "ignoreNBT": false,
          "requiredItems": [
            {
              "id": "gregtech:gt.metatool.01",
              "Count": 1,
              "OreDict": "",
              "Damage": 8,
              "tag": {
                "GT.ToolStats": {
                  "PrimaryMaterial": "Flint",
                  "MaxDamage": 6400,
                  "SecondaryMaterial": "Wood"
                }
              }
            }
          ],
          "userProgress": [],
          "taskID": "bq_standard:crafting"
        }
      ],
      "rewards": [],
      "preRequisites": [
        6,
        19
      ]
    },
    {
      "questID": 16,
      "name": "First Sword",
      "description": "No Description",
      "isMain": false,
      "isSilent": false,
      "lockedProgress": false,
      "simultaneous": false,
      "globalParticipation": 0.0,
      "globalQuest": false,
      "globalShare": true,
      "autoClaim": false,
      "repeatTime": -1,
      "sounds": {
        "complete": "random.levelup",
        "update": "random.levelup"
      },
      "logic": "AND",
      "taskLogic": "AND",
      "icon": {
        "id": "gregtech:gt.metatool.01",
        "Count": 1,
        "OreDict": "",
        "Damage": 0,
        "tag": {
          "ench": [
            {
              "lvl": 1,
              "id": 20
            }
          ],
          "GT.ToolStats": {
            "PrimaryMaterial": "Flint",
            "MaxDamage": 6400,
            "SecondaryMaterial": "Wood"
          }
        }
      },
      "tasks": [
        {
          "partialMatch": true,
          "ignoreNBT": false,
          "consume": false,
          "autoConsume": false,
          "requiredItems": [
            {
              "id": "minecraft:flint",
              "Count": 2,
              "OreDict": "",
              "Damage": 0
            },
            {
              "id": "minecraft:stick",
              "Count": 1,
              "OreDict": "",
              "Damage": 0
            }
          ],
          "userProgress": [],
          "taskID": "bq_standard:retrieval"
        },
        {
          "partialMatch": true,
          "ignoreNBT": false,
          "requiredItems": [
            {
              "id": "gregtech:gt.metatool.01",
              "Count": 1,
              "OreDict": "",
              "Damage": 0,
              "tag": {
                "ench": [
                  {
                    "lvl": 1,
                    "id": 20
                  }
                ],
                "GT.ToolStats": {
                  "PrimaryMaterial": "Flint",
                  "MaxDamage": 6400,
                  "SecondaryMaterial": "Wood"
                }
              }
            }
          ],
          "userProgress": [],
          "taskID": "bq_standard:crafting"
        }
      ],
      "rewards": [],
      "preRequisites": [
        6,
        19
      ]
    },
    {
      "questID": 17,
      "name": "Small Iron",
      "description": "No Description",
      "isMain": false,
      "isSilent": false,
      "lockedProgress": false,
      "simultaneous": false,
      "globalParticipation": 0.0,
      "globalQuest": false,
      "globalShare": true,
      "autoClaim": false,
      "repeatTime": -1,
      "sounds": {
        "complete": "random.levelup",
        "update": "random.levelup"
      },
      "logic": "AND",
      "taskLogic": "AND",
      "icon": {
        "id": "gregtech:gt.metaitem.01",
        "Count": 2,
        "OreDict": "",
        "Damage": 5032
      },
      "tasks": [
        {
          "partialMatch": true,
          "ignoreNBT": false,
          "consume": false,
          "autoConsume": false,
          "requiredItems": [
            {
              "id": "gregtech:gt.metaitem.01",
              "Count": 1,
              "OreDict": "",
              "Damage": 5032
            },
            {
              "id": "gregtech:gt.metaitem.01",
              "Count": 1,
              "OreDict": "",
              "Damage": 3032
            }
          ],
          "userProgress": [],
          "taskID": "bq_standard:retrieval"
        }
      ],
      "rewards": [],
      "preRequisites": [
        7
      ]
    },
    {
      "questID": 18,
      "name": "Small Tin",
      "description": "No Description",
      "isMain": false,
      "isSilent": false,
      "lockedProgress": false,
      "simultaneous": false,
      "globalParticipation": 0.0,
      "globalQuest": false,
      "globalShare": true,
      "autoClaim": false,
      "repeatTime": -1,
      "sounds": {
        "complete": "random.levelup",
        "update": "random.levelup"
      },
      "logic": "AND",
      "taskLogic": "AND",
      "icon": {
        "id": "gregtech:gt.metaitem.01",
        "Count": 5,
        "OreDict": "",
        "Damage": 5057
      },
      "tasks": [
        {
          "partialMatch": true,
          "ignoreNBT": false,
          "consume": false,
          "autoConsume": false,
          "requiredItems": [
            {
              "id": "gregtech:gt.metaitem.01",
              "Count": 1,
              "OreDict": "",
              "Damage": 5057
            },
            {
              "id": "gregtech:gt.metaitem.01",
              "Count": 1,
              "OreDict": "",
              "Damage": 3057
            }
          ],
          "userProgress": [],
          "taskID": "bq_standard:retrieval"
        }
      ],
      "rewards": [],
      "preRequisites": [
        7
      ]
    },
    {
      "questID": 19,
      "name": "Crafting Bench",
      "description": "No Description",
      "isMain": false,
      "isSilent": false,
      "lockedProgress": false,
      "simultaneous": false,
      "globalParticipation": 0.0,
      "globalQuest": false,
      "globalShare": true,
      "autoClaim": false,
      "repeatTime": -1,
      "sounds": {
        "complete": "random.levelup",
        "update": "random.levelup"
      },
      "logic": "AND",
      "taskLogic": "AND",
      "icon": {
        "id": "minecraft:crafting_table",
        "Count": 1,
        "OreDict": "",
        "Damage": 0
      },
      "tasks": [
        {
          "partialMatch": true,
          "ignoreNBT": false,
          "consume": false,
          "autoConsume": false,
          "requiredItems": [
            {
              "id": "minecraft:log",
              "Count": 2,
              "OreDict": "logWood",
              "Damage": 0
            }
          ],
          "userProgress": [],
          "taskID": "bq_standard:retrieval"
        },
        {
          "partialMatch": true,
          "ignoreNBT": false,
          "requiredItems": [
            {
              "id": "minecraft:planks",
              "Count": 4,
              "OreDict": "plankWood",
              "Damage": 0
            }
          ],
          "userProgress": [],
          "taskID": "bq_standard:crafting"
        },
        {
          "partialMatch": true,
          "ignoreNBT": false,
          "requiredItems": [
            {
              "id": "minecraft:crafting_table",
              "Count": 1,
              "OreDict": "",
              "Damage": 0
            }
          ],
          "userProgress": [],
          "taskID": "bq_standard:crafting"
        }
      ],
      "rewards": [],
      "preRequisites": []
    },
    {
      "questID": 20,
      "name": "Copper Ingot",
      "description": "No Description",
      "isMain": false,
      "isSilent": false,
      "lockedProgress": false,
      "simultaneous": false,
      "globalParticipation": 0.0,
      "globalQuest": false,
      "globalShare": true,
      "autoClaim": false,
      "repeatTime": -1,
      "sounds": {
        "complete": "random.levelup",
        "update": "random.levelup"
      },
      "logic": "AND",
      "taskLogic": "AND",
      "icon": {
        "id": "gregtech:gt.metaitem.01",
        "Count": 1,
        "OreDict": "",
        "Damage": 11035
      },
      "tasks": [
        {
          "partialMatch": true,
          "ignoreNBT": false,
          "consume": false,
          "autoConsume": false,
          "requiredItems": [
            {
              "id": "gregtech:gt.metaitem.01",
              "Count": 1,
              "OreDict": "ingotCopper",
              "Damage": 11035
            }
          ],
          "userProgress": [],
          "taskID": "bq_standard:retrieval"
        }
      ],
      "rewards": [],
      "preRequisites": [
        12,
        8
      ]
    },
    {
      "questID": 21,
      "name": "Tin Ingot",
      "description": "No Description",
      "isMain": false,
      "isSilent": false,
      "lockedProgress": false,
      "simultaneous": false,
      "globalParticipation": 0.0,
      "globalQuest": false,
      "globalShare": true,
      "autoClaim": false,
      "repeatTime": -1,
      "sounds": {
        "complete": "random.levelup",
        "update": "random.levelup"
      },
      "logic": "AND",
      "taskLogic": "AND",
      "icon": {
        "id": "gregtech:gt.metaitem.01",
        "Count": 1,
        "OreDict": "",
        "Damage": 11057
      },
      "tasks": [
        {
          "partialMatch": true,
          "ignoreNBT": false,
          "consume": false,
          "autoConsume": false,
          "requiredItems": [
            {
              "id": "gregtech:gt.metaitem.01",
              "Count": 1,
              "OreDict": "",
              "Damage": 11057
            }
          ],
          "userProgress": [],
          "taskID": "bq_standard:retrieval"
        }
      ],
      "rewards": [],
      "preRequisites": [
        18,
        8
      ]
    },
    {
      "questID": 22,
      "name": "Iron Ingot",
      "description": "No Description",
      "isMain": false,
      "isSilent": false,
      "lockedProgress": false,
      "simultaneous": false,
      "globalParticipation": 0.0,
      "globalQuest": false,
      "globalShare": true,
      "autoClaim": false,
      "repeatTime": -1,
      "sounds": {
        "complete": "random.levelup",
        "update": "random.levelup"
      },
      "logic": "AND",
      "taskLogic": "AND",
      "icon": {
        "id": "minecraft:iron_ingot",
        "Count": 1,
        "OreDict": "",
        "Damage": 0
      },
      "tasks": [
        {
          "partialMatch": true,
          "ignoreNBT": false,
          "consume": false,
          "autoConsume": false,
          "requiredItems": [
            {
              "id": "minecraft:iron_ingot",
              "Count": 1,
              "OreDict": "ingotIron",
              "Damage": 0
            }
          ],
          "userProgress": [],
          "taskID": "bq_standard:retrieval"
        }
      ],
      "rewards": [],
      "preRequisites": [
        17,
        8
      ]
    },
    {
      "questID": 23,
      "name": "Tree tap",
      "description": "No Description",
      "isMain": false,
      "isSilent": false,
      "lockedProgress": false,
      "simultaneous": false,
      "globalParticipation": 0.0,
      "globalQuest": false,
      "globalShare": true,
      "autoClaim": false,
      "repeatTime": -1,
      "sounds": {
        "complete": "random.levelup",
        "update": "random.levelup"
      },
      "logic": "AND",
      "taskLogic": "AND",
      "icon": {
        "id": "IC2:itemTreetap",
        "Count": 1,
        "OreDict": "",
        "Damage": 0
      },
      "tasks": [
        {
          "partialMatch": true,
          "ignoreNBT": false,
          "consume": false,
          "autoConsume": false,
          "requiredItems": [
            {
              "id": "minecraft:planks",
              "Count": 5,
              "OreDict": "plankWood",
              "Damage": 0
            }
          ],
          "userProgress": [],
          "taskID": "bq_standard:retrieval"
        },
        {
          "partialMatch": true,
          "ignoreNBT": false,
          "requiredItems": [
            {
              "id": "IC2:itemTreetap",
              "Count": 1,
              "OreDict": "",
              "Damage": 0
            }
          ],
          "userProgress": [],
          "taskID": "bq_standard:crafting"
        }
      ],
      "rewards": [],
      "preRequisites": []
    },
    {
      "questID": 24,
      "name": "Sticky Resin",
      "description": "No Description",
      "isMain": false,
      "isSilent": false,
      "lockedProgress": false,
      "simultaneous": false,
      "globalParticipation": 0.0,
      "globalQuest": false,
      "globalShare": true,
      "autoClaim": false,
      "repeatTime": -1,
      "sounds": {
        "complete": "random.levelup",
        "update": "random.levelup"
      },
      "logic": "AND",
      "taskLogic": "AND",
      "icon": {
        "id": "IC2:itemHarz",
        "Count": 1,
        "OreDict": "",
        "Damage": 0
      },
      "tasks": [
        {
          "partialMatch": true,
          "ignoreNBT": false,
          "consume": false,
          "autoConsume": false,
          "requiredItems": [
            {
              "id": "IC2:itemHarz",
              "Count": 1,
              "OreDict": "",
              "Damage": 0
            }
          ],
          "userProgress": [],
          "taskID": "bq_standard:retrieval"
        }
      ],
      "rewards": [],
      "preRequisites": [
        23
      ]
    },
    {
      "questID": 25,
      "name": "Sticky Torch",
      "description": "No Description",
      "isMain": false,
      "isSilent": false,
      "lockedProgress": false,
      "simultaneous": false,
      "globalParticipation": 0.0,
      "globalQuest": false,
      "globalShare": true,
      "autoClaim": false,
      "repeatTime": -1,
      "sounds": {
        "complete": "random.levelup",
        "update": "random.levelup"
      },
      "logic": "AND",
      "taskLogic": "AND",
      "icon": {
        "id": "minecraft:torch",
        "Count": 4,
        "OreDict": "",
        "Damage": 0
      },
      "tasks": [
        {
          "partialMatch": true,
          "ignoreNBT": false,
          "consume": false,
          "autoConsume": false,
          "requiredItems": [
            {
              "id": "IC2:itemHarz",
              "Count": 1,
              "OreDict": "",
              "Damage": 0
            },
            {
              "id": "minecraft:stick",
              "Count": 1,
              "OreDict": "",
              "Damage": 0
            }
          ],
          "userProgress": [],
          "taskID": "bq_standard:retrieval"
        },
        {
          "partialMatch": true,
          "ignoreNBT": false,
          "requiredItems": [
            {
              "id": "minecraft:torch",
              "Count": 4,
              "OreDict": "",
              "Damage": 0
            }
          ],
          "userProgress": [],
          "taskID": "bq_standard:crafting"
        }
      ],
      "rewards": [],
      "preRequisites": [
        24
      ]
    },
    {
      "questID": 26,
      "name": "Bed",
      "description": "No Description",
      "isMain": false,
      "isSilent": false,
      "lockedProgress": false,
      "simultaneous": false,
      "globalParticipation": 0.0,
      "globalQuest": false,
      "globalShare": true,
      "autoClaim": false,
      "repeatTime": -1,
      "sounds": {
        "complete": "random.levelup",
        "update": "random.levelup"
      },
      "logic": "AND",
      "taskLogic": "AND",
      "icon": {
        "id": "minecraft:bed",
        "Count": 1,
        "OreDict": "",
        "Damage": 0
      },
      "tasks": [
        {
          "partialMatch": true,
          "ignoreNBT": false,
          "consume": false,
          "autoConsume": false,
          "requiredItems": [
            {
              "id": "minecraft:wool",
              "Count": 3,
              "OreDict": "",
              "Damage": 0
            },
            {
              "id": "minecraft:planks",
              "Count": 3,
              "OreDict": "plankWood",
              "Damage": 0
            }
          ],
          "userProgress": [],
          "taskID": "bq_standard:retrieval"
        },
        {
          "partialMatch": true,
          "ignoreNBT": false,
          "requiredItems": [
            {
              "id": "minecraft:bed",
              "Count": 1,
              "OreDict": "",
              "Damage": 0
            }
          ],
          "userProgress": [],
          "taskID": "bq_standard:crafting"
        }
      ],
      "rewards": [],
      "preRequisites": []
    },
    {
      "questID": 27,
      "name": "Make plate",
      "description": "No Description",
      "isMain": false,
      "isSilent": false,
      "lockedProgress": false,
      "simultaneous": false,
      "globalParticipation": 0.0,
      "globalQuest": false,
      "globalShare": true,
      "autoClaim": false,
      "repeatTime": -1,
      "sounds": {
        "complete": "random.levelup",
        "update": "random.levelup"
      },
      "logic": "AND",
      "taskLogic": "AND",
      "icon": {
        "id": "gregtech:gt.metaitem.01",
        "Count": 1,
        "OreDict": "",
        "Damage": 17300
      },
      "tasks": [
        {
          "partialMatch": true,
          "ignoreNBT": false,
          "consume": false,
          "autoConsume": false,
          "requiredItems": [
            {
              "id": "gregtech:gt.metaitem.01",
              "Count": 2,
              "OreDict": "",
              "Damage": 11300
            },
            {
              "id": "gregtech:gt.metatool.01",
              "Count": 1,
              "OreDict": "craftingToolHardHammer",
              "Damage": 12,
              "tag": {
                "ench": [
                  {
                    "lvl": 1,
                    "id": 16
                  }
                ],
                "GT.ToolStats": {
                  "PrimaryMaterial": "Bronze",
                  "MaxDamage": 19200,
                  "SecondaryMaterial": "Wood",
                  "Damage": 2800
                }
              }
            }
          ],
          "userProgress": [],
          "taskID": "bq_standard:retrieval"
        },
        {
          "partialMatch": true,
          "ignoreNBT": false,
          "requiredItems": [
            {
              "id": "gregtech:gt.metaitem.01",
              "Count": 1,
              "OreDict": "",
              "Damage": 17300
            }
          ],
          "userProgress": [],
          "taskID": "bq_standard:crafting"
        }
      ],
      "rewards": [],
      "preRequisites": [
        11
      ]
    },
    {
      "questID": 28,
      "name": "Bronze File",
      "description": "No Description",
      "isMain": false,
      "isSilent": false,
      "lockedProgress": false,
      "simultaneous": false,
      "globalParticipation": 0.0,
      "globalQuest": false,
      "globalShare": true,
      "autoClaim": false,
      "repeatTime": -1,
      "sounds": {
        "complete": "random.levelup",
        "update": "random.levelup"
      },
      "logic": "AND",
      "taskLogic": "AND",
      "icon": {
        "id": "gregtech:gt.metatool.01",
        "Count": 1,
        "OreDict": "",
        "Damage": 18,
        "tag": {
          "GT.ToolStats": {
            "PrimaryMaterial": "Bronze",
            "MaxDamage": 19200,
            "SecondaryMaterial": "Wood"
          }
        }
      },
      "tasks": [
        {
          "partialMatch": true,
          "ignoreNBT": false,
          "consume": false,
          "autoConsume": false,
          "requiredItems": [
            {
              "id": "gregtech:gt.metaitem.01",
              "Count": 2,
              "OreDict": "",
              "Damage": 17300
            },
            {
              "id": "minecraft:stick",
              "Count": 1,
              "OreDict": "",
              "Damage": 0
            }
          ],
          "userProgress": [],
          "taskID": "bq_standard:retrieval"
        },
        {
          "partialMatch": true,
          "ignoreNBT": false,
          "requiredItems": [
            {
              "id": "gregtech:gt.metatool.01",
              "Count": 1,
              "OreDict": "",
              "Damage": 18,
              "tag": {
                "GT.ToolStats": {
                  "PrimaryMaterial": "Bronze",
                  "MaxDamage": 19200,
                  "SecondaryMaterial": "Wood"
                }
              }
            }
          ],
          "userProgress": [],
          "taskID": "bq_standard:crafting"
        }
      ],
      "rewards": [],
      "preRequisites": [
        27
      ]
    },
    {
      "questID": 29,
      "name": "Small Coal Boiler",
      "description": "No Description",
      "isMain": false,
      "isSilent": false,
      "lockedProgress": false,
      "simultaneous": false,
      "globalParticipation": 0.0,
      "globalQuest": false,
      "globalShare": true,
      "autoClaim": false,
      "repeatTime": -1,
      "sounds": {
        "complete": "random.levelup",
        "update": "random.levelup"
      },
      "logic": "AND",
      "taskLogic": "AND",
      "icon": {
        "id": "gregtech:gt.blockmachines",
        "Count": 1,
        "OreDict": "",
        "Damage": 100
      },
      "tasks": [
        {
          "partialMatch": true,
          "ignoreNBT": false,
          "consume": false,
          "autoConsume": false,
          "requiredItems": [
            {
              "id": "gregtech:gt.metaitem.01",
              "Count": 5,
              "OreDict": "plateBronze",
              "Damage": 17300
            },
            {
              "id": "minecraft:furnace",
              "Count": 1,
              "OreDict": "",
              "Damage": 0
            },
            {
              "id": "minecraft:brick_block",
              "Count": 2,
              "OreDict": "",
              "Damage": 0
            }
          ],
          "userProgress": [],
          "taskID": "bq_standard:retrieval"
        },
        {
          "partialMatch": true,
          "ignoreNBT": false,
          "requiredItems": [
            {
              "id": "gregtech:gt.blockmachines",
              "Count": 1,
              "OreDict": "",
              "Damage": 100
            }
          ],
          "userProgress": [],
          "taskID": "bq_standard:crafting"
        }
      ],
      "rewards": [],
      "preRequisites": [
        27
      ]
    },
    {
      "questID": 30,
      "name": "Water tank",
      "description": "No Description",
      "isMain": false,
      "isSilent": false,
      "lockedProgress": false,
      "simultaneous": false,
      "globalParticipation": 0.0,
      "globalQuest": false,
      "globalShare": true,
      "autoClaim": false,
      "repeatTime": -1,
      "sounds": {
        "complete": "random.levelup",
        "update": "random.levelup"
      },
      "logic": "AND",
      "taskLogic": "AND",
      "icon": {
        "id": "Railcraft:machine.alpha",
        "Count": 64,
        "OreDict": "",
        "Damage": 14
      },
      "tasks": [
        {
          "partialMatch": true,
          "ignoreNBT": false,
          "consume": false,
          "autoConsume": false,
          "requiredItems": [
            {
              "id": "minecraft:planks",
              "Count": 30,
              "OreDict": "plankWood",
              "Damage": 0
            },
            {
              "id": "gregtech:gt.metaitem.01",
              "Count": 10,
              "OreDict": "plateAnyIron",
              "Damage": 17032
            },
            {
              "id": "minecraft:slime_ball",
              "Count": 5,
              "OreDict": "slimeball",
              "Damage": 0
            }
          ],
          "userProgress": [],
          "taskID": "bq_standard:retrieval"
        },
        {
          "partialMatch": true,
          "ignoreNBT": false,
          "requiredItems": [
            {
              "id": "Railcraft:machine.alpha",
              "Count": 26,
              "OreDict": "",
              "Damage": 14
            }
          ],
          "userProgress": [],
          "taskID": "bq_standard:crafting"
        }
      ],
      "rewards": [],
      "preRequisites": []
    },
    {
      "questID": 31,
      "name": "Bronze Saw",
      "description": "No Description",
      "isMain": false,
      "isSilent": false,
      "lockedProgress": false,
      "simultaneous": false,
      "globalParticipation": 0.0,
      "globalQuest": false,
      "globalShare": true,
      "autoClaim": false,
      "repeatTime": -1,
      "sounds": {
        "complete": "random.levelup",
        "update": "random.levelup"
      },
      "logic": "AND",
      "taskLogic": "AND",
      "icon": {
        "id": "gregtech:gt.metatool.01",
        "Count": 1,
        "OreDict": "",
        "Damage": 10,
        "tag": {
          "GT.ToolStats": {
            "PrimaryMaterial": "Bronze",
            "MaxDamage": 19200,
            "SecondaryMaterial": "Wood"
          }
        }
      },
      "tasks": [
        {
          "partialMatch": true,
          "ignoreNBT": false,
          "consume": false,
          "autoConsume": false,
          "requiredItems": [
            {
              "id": "gregtech:gt.metaitem.01",
              "Count": 2,
              "OreDict": "",
              "Damage": 17300
            },
            {
              "id": "gregtech:gt.metatool.01",
              "Count": 1,
              "OreDict": "",
              "Damage": 18
            },
            {
              "id": "gregtech:gt.metatool.01",
              "Count": 1,
              "OreDict": "",
              "Damage": 12
            },
            {
              "id": "minecraft:stick",
              "Count": 1,
              "OreDict": "",
              "Damage": 0
            }
          ],
          "userProgress": [],
          "taskID": "bq_standard:retrieval"
        },
        {
          "partialMatch": true,
          "ignoreNBT": false,
          "requiredItems": [
            {
              "id": "gregtech:gt.metaitem.02",
              "Count": 1,
              "OreDict": "",
              "Damage": 7300
            }
          ],
          "userProgress": [],
          "taskID": "bq_standard:crafting"
        },
        {
          "partialMatch": true,
          "ignoreNBT": false,
          "requiredItems": [
            {
              "id": "gregtech:gt.metatool.01",
              "Count": 1,
              "OreDict": "",
              "Damage": 10,
              "tag": {
                "GT.ToolStats": {
                  "PrimaryMaterial": "Bronze",
                  "MaxDamage": 19200,
                  "SecondaryMaterial": "Wood"
                }
              }
            }
          ],
          "userProgress": [],
          "taskID": "bq_standard:crafting"
        }
      ],
      "rewards": [],
      "preRequisites": [
        28,
        11
      ]
    },
    {
      "questID": 32,
      "name": "Iron Saw",
      "description": "No Description",
      "isMain": false,
      "isSilent": false,
      "lockedProgress": false,
      "simultaneous": false,
      "globalParticipation": 0.0,
      "globalQuest": false,
      "globalShare": true,
      "autoClaim": false,
      "repeatTime": -1,
      "sounds": {
        "complete": "random.levelup",
        "update": "random.levelup"
      },
      "logic": "AND",
      "taskLogic": "AND",
      "icon": {
        "id": "gregtech:gt.metatool.01",
        "Count": 1,
        "OreDict": "",
        "Damage": 10,
        "tag": {
          "GT.ToolStats": {
            "PrimaryMaterial": "Iron",
            "MaxDamage": 25600,
            "SecondaryMaterial": "Wood"
          }
        }
      },
      "tasks": [
        {
          "partialMatch": true,
          "ignoreNBT": false,
          "consume": false,
          "autoConsume": false,
          "requiredItems": [
            {
              "id": "gregtech:gt.metaitem.01",
              "Count": 2,
              "OreDict": "plateIron",
              "Damage": 17032
            },
            {
              "id": "gregtech:gt.metatool.01",
              "Count": 1,
              "OreDict": "",
              "Damage": 12
            },
            {
              "id": "gregtech:gt.metatool.01",
              "Count": 1,
              "OreDict": "",
              "Damage": 18
            },
            {
              "id": "minecraft:stick",
              "Count": 1,
              "OreDict": "",
              "Damage": 0
            }
          ],
          "userProgress": [],
          "taskID": "bq_standard:retrieval"
        },
        {
          "partialMatch": true,
          "ignoreNBT": false,
          "requiredItems": [
            {
              "id": "gregtech:gt.metaitem.02",
              "Count": 1,
              "OreDict": "",
              "Damage": 7032
            }
          ],
          "userProgress": [],
          "taskID": "bq_standard:crafting"
        },
        {
          "partialMatch": true,
          "ignoreNBT": false,
          "requiredItems": [
            {
              "id": "gregtech:gt.metatool.01",
              "Count": 1,
              "OreDict": "",
              "Damage": 10,
              "tag": {
                "GT.ToolStats": {
                  "PrimaryMaterial": "Iron",
                  "MaxDamage": 25600,
                  "SecondaryMaterial": "Wood"
                }
              }
            }
          ],
          "userProgress": [],
          "taskID": "bq_standard:crafting"
        }
      ],
      "rewards": [],
      "preRequisites": []
    },
    {
      "questID": 33,
      "name": "Wooden Pipe",
      "description": "No Description",
      "isMain": false,
      "isSilent": false,
      "lockedProgress": false,
      "simultaneous": false,
      "globalParticipation": 0.0,
      "globalQuest": false,
      "globalShare": true,
      "autoClaim": false,
      "repeatTime": -1,
      "sounds": {
        "complete": "random.levelup",
        "update": "random.levelup"
      },
      "logic": "AND",
      "taskLogic": "AND",
      "icon": {
        "id": "gregtech:gt.blockmachines",
        "Count": 1,
        "OreDict": "",
        "Damage": 5101
      },
      "tasks": [
        {
          "partialMatch": true,
          "ignoreNBT": false,
          "consume": false,
          "autoConsume": false,
          "requiredItems": [
            {
              "id": "minecraft:planks",
              "Count": 6,
              "OreDict": "plankWood",
              "Damage": 0
            },
            {
              "id": "gregtech:gt.metatool.01",
              "Count": 1,
              "OreDict": "craftingToolSaw",
              "Damage": 10
            },
            {
              "id": "gregtech:gt.metatool.01",
              "Count": 1,
              "OreDict": "craftingToolSoftHammer",
              "Damage": 14
            }
          ],
          "userProgress": [],
          "taskID": "bq_standard:retrieval"
        },
        {
          "partialMatch": true,
          "ignoreNBT": false,
          "requiredItems": [
            {
              "id": "gregtech:gt.blockmachines",
              "Count": 6,
              "OreDict": "",
              "Damage": 5101
            }
          ],
          "userProgress": [],
          "taskID": "bq_standard:crafting"
        }
      ],
      "rewards": [],
      "preRequisites": [
        31,
        34
      ]
    },
    {
      "questID": 34,
      "name": "Soft Hammer",
      "description": "No Description",
      "isMain": false,
      "isSilent": false,
      "lockedProgress": false,
      "simultaneous": false,
      "globalParticipation": 0.0,
      "globalQuest": false,
      "globalShare": true,
      "autoClaim": false,
      "repeatTime": -1,
      "sounds": {
        "complete": "random.levelup",
        "update": "random.levelup"
      },
      "logic": "AND",
      "taskLogic": "AND",
      "icon": {
        "id": "gregtech:gt.metatool.01",
        "Count": 1,
        "OreDict": "",
        "Damage": 14,
        "tag": {
          "GT.ToolStats": {
            "PrimaryMaterial": "Wood",
            "MaxDamage": 12800,
            "SecondaryMaterial": "Wood"
          }
        }
      },
      "tasks": [
        {
          "partialMatch": true,
          "ignoreNBT": false,
          "consume": false,
          "autoConsume": false,
          "requiredItems": [
            {
              "id": "minecraft:planks",
              "Count": 6,
              "OreDict": "plankWood",
              "Damage": 0
            },
            {
              "id": "minecraft:stick",
              "Count": 1,
              "OreDict": "",
              "Damage": 0
            }
          ],
          "userProgress": [],
          "taskID": "bq_standard:retrieval"
        },
        {
          "partialMatch": true,
          "ignoreNBT": false,
          "requiredItems": [
            {
              "id": "gregtech:gt.metatool.01",
              "Count": 1,
              "OreDict": "",
              "Damage": 14,
              "tag": {
                "GT.ToolStats": {
                  "PrimaryMaterial": "Wood",
                  "MaxDamage": 12800,
                  "SecondaryMaterial": "Wood"
                }
              }
            }
          ],
          "userProgress": [],
          "taskID": "bq_standard:crafting"
        }
      ],
      "rewards": [],
      "preRequisites": []
    },
    {
      "questID": 35,
      "name": "AnySaw",
      "description": "No Description",
      "isMain": false,
      "isSilent": true,
      "lockedProgress": false,
      "simultaneous": false,
      "globalParticipation": 0.0,
      "globalQuest": false,
      "globalShare": true,
      "autoClaim": true,
      "repeatTime": -1,
      "sounds": {
        "complete": "random.levelup",
        "update": "random.levelup"
      },
      "logic": "OR",
      "taskLogic": "AND",
      "icon": {
        "id": "gregtech:gt.metatool.01",
        "Count": 1,
        "OreDict": "",
        "Damage": 10
      },
      "tasks": [
        {
          "partialMatch": true,
          "ignoreNBT": false,
          "consume": false,
          "autoConsume": false,
          "requiredItems": [
            {
              "id": "gregtech:gt.metatool.01",
              "Count": 1,
              "OreDict": "",
              "Damage": 10
            }
          ],
          "userProgress": [],
          "taskID": "bq_standard:retrieval"
        }
      ],
      "rewards": [],
      "preRequisites": []
    },
    {
      "questID": 36,
      "name": "Steam tank",
      "description": "No Description",
      "isMain": false,
      "isSilent": false,
      "lockedProgress": false,
      "simultaneous": false,
      "globalParticipation": 0.0,
      "globalQuest": false,
      "globalShare": true,
      "autoClaim": false,
      "repeatTime": -1,
      "sounds": {
        "complete": "random.levelup",
        "update": "random.levelup"
      },
      "logic": "AND",
      "taskLogic": "AND",
      "icon": {
        "id": "Railcraft:machine.beta",
        "Count": 64,
        "OreDict": "",
        "Damage": 0
      },
      "tasks": [
        {
          "partialMatch": true,
          "ignoreNBT": false,
          "consume": false,
          "autoConsume": false,
          "requiredItems": [
            {
              "id": "gregtech:gt.metaitem.01",
              "Count": 20,
              "OreDict": "plateAnyIron",
              "Damage": 17032
            },
            {
              "id": "minecraft:glass_pane",
              "Count": 5,
              "OreDict": "",
              "Damage": 0
            },
            {
              "id": "minecraft:iron_bars",
              "Count": 4,
              "OreDict": "",
              "Damage": 0
            },
            {
              "id": "minecraft:lever",
              "Count": 1,
              "OreDict": "",
              "Damage": 0
            },
            {
              "id": "gregtech:gt.metatool.01",
              "Count": 1,
              "OreDict": "craftingToolWrench",
              "Damage": 16
            },
            {
              "id": "gregtech:gt.metatool.01",
              "Count": 1,
              "OreDict": "craftingToolHardHammer",
              "Damage": 12
            }
          ],
          "userProgress": [],
          "taskID": "bq_standard:retrieval"
        },
        {
          "partialMatch": true,
          "ignoreNBT": false,
          "requiredItems": [
            {
              "id": "Railcraft:machine.beta",
              "Count": 24,
              "OreDict": "",
              "Damage": 0
            },
            {
              "id": "Railcraft:machine.beta",
              "Count": 8,
              "OreDict": "",
              "Damage": 1
            },
            {
              "id": "Railcraft:machine.beta",
              "Count": 8,
              "OreDict": "",
              "Damage": 2
            }
          ],
          "userProgress": [],
          "taskID": "bq_standard:crafting"
        }
      ],
      "rewards": [],
      "preRequisites": [
        37
      ]
    },
    {
      "questID": 37,
      "name": "Bronze Wrench",
      "description": "No Description",
      "isMain": false,
      "isSilent": false,
      "lockedProgress": false,
      "simultaneous": false,
      "globalParticipation": 0.0,
      "globalQuest": false,
      "globalShare": true,
      "autoClaim": false,
      "repeatTime": -1,
      "sounds": {
        "complete": "random.levelup",
        "update": "random.levelup"
      },
      "logic": "AND",
      "taskLogic": "AND",
      "icon": {
        "id": "gregtech:gt.metatool.01",
        "Count": 1,
        "OreDict": "",
        "Damage": 16,
        "tag": {
          "GT.ToolStats": {
            "PrimaryMaterial": "Bronze",
            "MaxDamage": 19200,
            "SecondaryMaterial": "Bronze"
          }
        }
      },
      "tasks": [
        {
          "partialMatch": true,
          "ignoreNBT": false,
          "consume": false,
          "autoConsume": false,
          "requiredItems": [
            {
              "id": "gregtech:gt.metaitem.01",
              "Count": 6,
              "OreDict": "ingotBronze",
              "Damage": 11300
            },
            {
              "id": "gregtech:gt.metatool.01",
              "Count": 1,
              "OreDict": "craftingToolHardHammer",
              "Damage": 12
            }
          ],
          "userProgress": [],
          "taskID": "bq_standard:retrieval"
        },
        {
          "partialMatch": true,
          "ignoreNBT": false,
          "requiredItems": [
            {
              "id": "gregtech:gt.metatool.01",
              "Count": 1,
              "OreDict": "",
              "Damage": 16,
              "tag": {
                "GT.ToolStats": {
                  "PrimaryMaterial": "Bronze",
                  "MaxDamage": 19200,
                  "SecondaryMaterial": "Bronze"
                }
              }
            }
          ],
          "userProgress": [],
          "taskID": "bq_standard:crafting"
        }
      ],
      "rewards": [],
      "preRequisites": [
        11
      ]
    },
    {
      "questID": 38,
      "name": "Bronze Pipes",
      "description": "No Description",
      "isMain": false,
      "isSilent": false,
      "lockedProgress": false,
      "simultaneous": false,
      "globalParticipation": 0.0,
      "globalQuest": false,
      "globalShare": true,
      "autoClaim": false,
      "repeatTime": -1,
      "sounds": {
        "complete": "random.levelup",
        "update": "random.levelup"
      },
      "logic": "AND",
      "taskLogic": "AND",
      "icon": {
        "id": "gregtech:gt.blockmachines",
        "Count": 1,
        "OreDict": "",
        "Damage": 5122
      },
      "tasks": [
        {
          "partialMatch": true,
          "ignoreNBT": false,
          "consume": false,
          "autoConsume": false,
          "requiredItems": [
            {
              "id": "gregtech:gt.metaitem.01",
              "Count": 30,
              "OreDict": "plateBronze",
              "Damage": 17300
            },
            {
              "id": "gregtech:gt.metatool.01",
              "Count": 1,
              "OreDict": "craftingToolWrench",
              "Damage": 16
            },
            {
              "id": "gregtech:gt.metatool.01",
              "Count": 1,
              "OreDict": "craftingToolHardHammer",
              "Damage": 12
            }
          ],
          "userProgress": [],
          "taskID": "bq_standard:retrieval"
        },
        {
          "partialMatch": true,
          "ignoreNBT": false,
          "requiredItems": [
            {
              "id": "gregtech:gt.blockmachines",
              "Count": 10,
              "OreDict": "",
              "Damage": 5122
            }
          ],
          "userProgress": [],
          "taskID": "bq_standard:crafting"
        }
      ],
      "rewards": [],
      "preRequisites": []
    },
    {
      "questID": 39,
      "name": "Forge Hammer",
      "description": "No Description",
      "isMain": false,
      "isSilent": false,
      "lockedProgress": false,
      "simultaneous": false,
      "globalParticipation": 0.0,
      "globalQuest": false,
      "globalShare": true,
      "autoClaim": false,
      "repeatTime": -1,
      "sounds": {
        "complete": "random.levelup",
        "update": "random.levelup"
      },
      "logic": "AND",
      "taskLogic": "AND",
      "icon": {
        "id": "gregtech:gt.blockmachines",
        "Count": 64,
        "OreDict": "",
        "Damage": 112
      },
      "tasks": [
        {
          "partialMatch": true,
          "ignoreNBT": false,
          "consume": false,
          "autoConsume": false,
          "requiredItems": [
            {
              "id": "gregtech:gt.metaitem.01",
              "Count": 14,
              "OreDict": "plateBronze",
              "Damage": 17300
            },
            {
              "id": "gregtech:gt.metatool.01",
              "Count": 1,
              "OreDict": "craftingToolHardHammer",
              "Damage": 12
            },
            {
              "id": "gregtech:gt.metatool.01",
              "Count": 1,
              "OreDict": "craftingToolWrench",
              "Damage": 16
            },
            {
              "id": "minecraft:piston",
              "Count": 1,
              "OreDict": "craftingPiston",
              "Damage": 0
            },
            {
              "id": "minecraft:anvil",
              "Count": 1,
              "OreDict": "",
              "Damage": 0
            }
          ],
          "userProgress": [],
          "taskID": "bq_standard:retrieval"
        },
        {
          "partialMatch": true,
          "ignoreNBT": false,
          "requiredItems": [
            {
              "id": "gregtech:gt.blockmachines",
              "Count": 6,
              "OreDict": "",
              "Damage": 5121
            }
          ],
          "userProgress": [],
          "taskID": "bq_standard:crafting"
        },
        {
          "partialMatch": true,
          "ignoreNBT": false,
          "requiredItems": [
            {
              "id": "gregtech:gt.blockmachines",
              "Count": 1,
              "OreDict": "",
              "Damage": 115
            }
          ],
          "userProgress": [],
          "taskID": "bq_standard:crafting"
        }
      ],
      "rewards": [],
      "preRequisites": [
        41
      ]
    },
    {
      "questID": 40,
      "name": "Steam Compressor",
      "description": "No Description",
      "isMain": false,
      "isSilent": false,
      "lockedProgress": false,
      "simultaneous": false,
      "globalParticipation": 0.0,
      "globalQuest": false,
      "globalShare": true,
      "autoClaim": false,
      "repeatTime": -1,
      "sounds": {
        "complete": "random.levelup",
        "update": "random.levelup"
      },
      "logic": "AND",
      "taskLogic": "AND",
      "icon": {
        "id": "gregtech:gt.blockmachines",
        "Count": 64,
        "OreDict": "",
        "Damage": 115
      },
      "tasks": [
        {
          "partialMatch": true,
          "ignoreNBT": false,
          "consume": false,
          "autoConsume": false,
          "requiredItems": [
            {
              "id": "gregtech:gt.metaitem.01",
              "Count": 14,
              "OreDict": "plateBronze",
              "Damage": 17300
            },
            {
              "id": "gregtech:gt.metatool.01",
              "Count": 1,
              "OreDict": "craftingToolHardHammer",
              "Damage": 12
            },
            {
              "id": "gregtech:gt.metatool.01",
              "Count": 1,
              "OreDict": "craftingToolWrench",
              "Damage": 16
            },
            {
              "id": "minecraft:piston",
              "Count": 2,
              "OreDict": "craftingPiston",
              "Damage": 0
            }
          ],
          "userProgress": [],
          "taskID": "bq_standard:retrieval"
        },
        {
          "partialMatch": true,
          "ignoreNBT": false,
          "requiredItems": [
            {
              "id": "gregtech:gt.blockmachines",
              "Count": 6,
              "OreDict": "",
              "Damage": 5121
            }
          ],
          "userProgress": [],
          "taskID": "bq_standard:crafting"
        },
        {
          "partialMatch": true,
          "ignoreNBT": false,
          "requiredItems": [
            {
              "id": "gregtech:gt.blockmachines",
              "Count": 1,
              "OreDict": "",
              "Damage": 115
            }
          ],
          "userProgress": [],
          "taskID": "bq_standard:crafting"
        }
      ],
      "rewards": [],
      "preRequisites": []
    },
    {
      "questID": 41,
      "name": "Anvil",
      "description": "No Description",
      "isMain": false,
      "isSilent": false,
      "lockedProgress": false,
      "simultaneous": false,
      "globalParticipation": 0.0,
      "globalQuest": false,
      "globalShare": true,
      "autoClaim": false,
      "repeatTime": -1,
      "sounds": {
        "complete": "random.levelup",
        "update": "random.levelup"
      },
      "logic": "AND",
      "taskLogic": "AND",
      "icon": {
        "id": "minecraft:anvil",
        "Count": 1,
        "OreDict": "",
        "Damage": 0
      },
      "tasks": [
        {
          "partialMatch": true,
          "ignoreNBT": false,
          "consume": false,
          "autoConsume": false,
          "requiredItems": [
            {
              "id": "minecraft:iron_ingot",
              "Count": 31,
              "OreDict": "ingotAnyIron",
              "Damage": 0
            }
          ],
          "userProgress": [],
          "taskID": "bq_standard:retrieval"
        },
        {
          "partialMatch": true,
          "ignoreNBT": false,
          "consume": false,
          "autoConsume": false,
          "requiredItems": [
            {
              "id": "minecraft:iron_block",
              "Count": 3,
              "OreDict": "blockIron",
              "Damage": 0
            }
          ],
          "userProgress": [],
          "taskID": "bq_standard:retrieval"
        },
        {
          "partialMatch": true,
          "ignoreNBT": false,
          "requiredItems": [
            {
              "id": "minecraft:anvil",
              "Count": 1,
              "OreDict": "",
              "Damage": 0
            }
          ],
          "userProgress": [],
          "taskID": "bq_standard:crafting"
        }
      ],
      "rewards": [],
      "preRequisites": [
        40
      ]
    },
    {
      "questID": 42,
      "name": "Steam Macerator",
      "description": "No Description",
      "isMain": false,
      "isSilent": false,
      "lockedProgress": false,
      "simultaneous": false,
      "globalParticipation": 0.0,
      "globalQuest": false,
      "globalShare": true,
      "autoClaim": false,
      "repeatTime": -1,
      "sounds": {
        "complete": "random.levelup",
        "update": "random.levelup"
      },
      "logic": "AND",
      "taskLogic": "AND",
      "icon": {
        "id": "gregtech:gt.blockmachines",
        "Count": 1,
        "OreDict": "",
        "Damage": 106
      },
      "tasks": [
        {
          "partialMatch": true,
          "ignoreNBT": false,
          "consume": false,
          "autoConsume": false,
          "requiredItems": [
            {
              "id": "gregtech:gt.metaitem.01",
              "Count": 14,
              "OreDict": "plateBronze",
              "Damage": 17300
            },
            {
              "id": "minecraft:diamond",
              "Count": 2,
              "OreDict": "gemDiamond",
              "Damage": 0
            },
            {
              "id": "minecraft:piston",
              "Count": 2,
              "OreDict": "craftingPiston",
              "Damage": 0
            },
            {
              "id": "gregtech:gt.metatool.01",
              "Count": 1,
              "OreDict": "craftingToolHardHammer",
              "Damage": 12
            },
            {
              "id": "gregtech:gt.metatool.01",
              "Count": 1,
              "OreDict": "craftingToolWrench",
              "Damage": 16
            }
          ],
          "userProgress": [],
          "taskID": "bq_standard:retrieval"
        },
        {
          "partialMatch": true,
          "ignoreNBT": false,
          "requiredItems": [
            {
              "id": "gregtech:gt.blockmachines",
              "Count": 4,
              "OreDict": "",
              "Damage": 5121
            }
          ],
          "userProgress": [],
          "taskID": "bq_standard:crafting"
        },
        {
          "partialMatch": true,
          "ignoreNBT": false,
          "requiredItems": [
            {
              "id": "gregtech:gt.blockmachines",
              "Count": 1,
              "OreDict": "",
              "Damage": 106
            }
          ],
          "userProgress": [],
          "taskID": "bq_standard:crafting"
        }
      ],
      "rewards": [],
      "preRequisites": []
    },
    {
      "questID": 43,
      "name": "Steam Extractor",
      "description": "No Description",
      "isMain": false,
      "isSilent": false,
      "lockedProgress": false,
      "simultaneous": false,
      "globalParticipation": 0.0,
      "globalQuest": false,
      "globalShare": true,
      "autoClaim": false,
      "repeatTime": -1,
      "sounds": {
        "complete": "random.levelup",
        "update": "random.levelup"
      },
      "logic": "AND",
      "taskLogic": "AND",
      "icon": {
        "id": "gregtech:gt.blockmachines",
        "Count": 64,
        "OreDict": "",
        "Damage": 109
      },
      "tasks": [
        {
          "partialMatch": true,
          "ignoreNBT": false,
          "consume": false,
          "autoConsume": false,
          "requiredItems": [
            {
              "id": "gregtech:gt.metaitem.01",
              "Count": 14,
              "OreDict": "plateBronze",
              "Damage": 17300
            },
            {
              "id": "minecraft:piston",
              "Count": 1,
              "OreDict": "craftingPiston",
              "Damage": 0
            },
            {
              "id": "minecraft:glass",
              "Count": 1,
              "OreDict": "",
              "Damage": 0
            },
            {
              "id": "gregtech:gt.metatool.01",
              "Count": 1,
              "OreDict": "craftingToolHardHammer",
              "Damage": 12
            },
            {
              "id": "gregtech:gt.metatool.01",
              "Count": 1,
              "OreDict": "craftingToolWrench",
              "Damage": 16
            }
          ],
          "userProgress": [],
          "taskID": "bq_standard:retrieval"
        },
        {
          "partialMatch": true,
          "ignoreNBT": false,
          "requiredItems": [
            {
              "id": "gregtech:gt.blockmachines",
              "Count": 6,
              "OreDict": "",
              "Damage": 5121
            }
          ],
          "userProgress": [],
          "taskID": "bq_standard:crafting"
        },
        {
          "partialMatch": true,
          "ignoreNBT": false,
          "requiredItems": [
            {
              "id": "gregtech:gt.blockmachines",
              "Count": 1,
              "OreDict": "",
              "Damage": 109
            }
          ],
          "userProgress": [],
          "taskID": "bq_standard:crafting"
        }
      ],
      "rewards": [],
      "preRequisites": []
    }
  ],
  "questLines": [
    {
      "name": "Caveman",
      "description": "No description",
      "quests": [
        {
          "id": 6,
          "x": 160,
          "y": 0
        },
        {
          "id": 7,
          "x": 176,
          "y": 48
        },
        {
          "id": 8,
          "x": 256,
          "y": 96
        },
        {
          "id": 9,
          "x": 208,
          "y": 48
        },
        {
          "id": 10,
          "x": 160,
          "y": 192
        },
        {
          "id": 12,
          "x": 144,
          "y": 96
        },
        {
          "id": 13,
          "x": 144,
          "y": 48
        },
        {
          "id": 14,
          "x": 112,
          "y": 48
        },
        {
          "id": 15,
          "x": 80,
          "y": 48
        },
        {
          "id": 16,
          "x": 48,
          "y": 48
        },
        {
          "id": 17,
          "x": 208,
          "y": 96
        },
        {
          "id": 18,
          "x": 176,
          "y": 96
        },
        {
          "id": 19,
          "x": 96,
          "y": 0
        },
        {
          "id": 20,
          "x": 144,
          "y": 144
        },
        {
          "id": 21,
          "x": 176,
          "y": 144
        },
        {
          "id": 22,
          "x": 208,
          "y": 144
        },
        {
          "id": 23,
          "x": 0,
          "y": 0
        },
        {
          "id": 24,
          "x": 0,
          "y": 48
        },
        {
          "id": 25,
          "x": 0,
          "y": 96
        },
        {
          "id": 26,
          "x": 48,
          "y": 0
        }
      ]
    },
    {
      "name": "Bronze Age",
      "description": "No description",
      "quests": [
        {
          "id": 10,
          "x": 96,
          "y": 0
        },
        {
          "id": 11,
          "x": 96,
          "y": 48
        },
        {
          "id": 27,
          "x": 136,
          "y": 48
        },
        {
          "id": 28,
          "x": 136,
          "y": 96
        },
        {
          "id": 29,
          "x": 184,
          "y": 96
        },
        {
          "id": 30,
          "x": 240,
          "y": 96
        },
        {
          "id": 31,
          "x": 96,
          "y": 120
        },
        {
          "id": 33,
          "x": 48,
          "y": 120
        },
        {
          "id": 34,
          "x": 0,
          "y": 120
        },
        {
          "id": 36,
          "x": 0,
          "y": 48
        },
        {
          "id": 37,
          "x": 48,
          "y": 48
        },
        {
          "id": 38,
          "x": 120,
          "y": 168
        },
        {
          "id": 39,
          "x": 184,
          "y": 240
        },
        {
          "id": 40,
          "x": 184,
          "y": 144
        },
        {
          "id": 41,
          "x": 184,
          "y": 192
        },
        {
          "id": 42,
          "x": 0,
          "y": 0
        },
        {
          "id": 43,
          "x": 24,
          "y": 24
        }
      ]
    },
    {
      "name": "Shop",
      "description": "No description",
      "quests": [
        {
          "id": 0,
          "x": 0,
          "y": 0
        },
        {
          "id": 1,
          "x": 0,
          "y": 24
        },
        {
          "id": 2,
          "x": 0,
          "y": 48
        },
        {
          "id": 3,
          "x": 0,
          "y": 104
        },
        {
          "id": 4,
          "x": 0,
          "y": 80
        },
        {
          "id": 5,
          "x": 0,
          "y": 128
        }
      ]
    }
  ]
}